Stat,PlantBiophysics,plantecophys,LeafGasExchange
mean,8.023026999999983e-7,0.047773473921,0.020670813033700004
median,7.08e-7,0.046885345,0.019758625000000002
stddev,9.204844273700754e-7,0.009097338587480418,0.0032107118374826624
min,2.5000000000000004e-7,0.03466673,0.017848416000000002
max,2.7083e-5,0.19729159000000002,0.078863875
