Stat,PlantBiophysics,plantecophys,LeafGasExchange
mean,1.962600000000002e-6,0.11717788300000002,0.04502829557032116
median,1.7e-6,0.1158305,0.03560050000000001
stddev,4.779225181902806e-6,0.016738784762928432,0.019477776759853356
min,1.2000000000000002e-6,0.084361,0.0304267
max,0.00046100000000000004,0.340563,0.1970007
