Stat,PlantBiophysics,plantecophys,LeafGasExchange
mean,1.4165149999999988e-5,0.11047983146000001,0.0392365602435151
median,1.27e-5,0.10834802,0.030998800000000003
stddev,6.849081651538908e-6,0.017710595575924467,0.01931861314237889
min,1.01e-5,0.08190001,0.027942400000000003
max,0.00011460000000000001,0.75313901,0.7142065000000001
