Stat,PlantBiophysics,plantecophys,LeafGasExchange
mean,1.2166113000000066e-6,0.047020735651,0.022682473506600003
median,1.083e-6,0.04568999,0.021467291500000003
stddev,1.2039444866957167e-6,0.008086948956789334,0.004723800123609463
min,5.41e-7,0.034640080000000004,0.019276083000000003
max,2.5e-5,0.17220205,0.12373
