Stat,PlantBiophysics,plantecophys,LeafGasExchange
mean,8.189120999999978e-7,0.047705344712999996,0.021420814969399998
median,7.09e-7,0.046505685000000005,0.0201365
stddev,8.656966354561268e-7,0.008802766475556471,0.003502050390873755
min,2.91e-7,0.03474586,0.018035708
max,2.0042000000000002e-5,0.2013182,0.071936917
