Stat,PlantBiophysics,plantecophys,LeafGasExchange
mean,6.708192080000001e-5,0.04694697333,0.003172236572600001
median,6.15e-5,0.04589253,0.0023480835
stddev,2.3263619298914265e-5,0.009387658831232909,0.0017435048307063061
min,5.6583000000000004e-5,0.03073893,0.0017435
max,0.00036262500000000005,0.18294323,0.035794
