Stat,PlantBiophysics,plantecophys,LeafGasExchange
mean,5.848633600000008e-6,0.03941114831999999,0.0027033799361000006
median,5.292e-6,0.03880732,0.0018563125
stddev,3.84819958842551e-6,0.005969867533142192,0.0015573790262712768
min,4.875e-6,0.03061552,0.0016931250000000002
max,7.787500000000001e-5,0.15477377,0.035728291
