Stat,PlantBiophysics,plantecophys,LeafGasExchange
mean,6.614203854e-5,0.0400144676414,0.0026730600478999996
median,6.2334e-5,0.03907915,0.0019443750000000001
stddev,1.9751683678879028e-5,0.007576455783704338,0.0013640819545963515
min,5.4166e-5,0.029564280000000002,0.0017359580000000001
max,0.00033600000000000004,0.27134415,0.034089875000000006
